{
    "output_0_errors_0": {
        "corr_coeff": 0.8138197013889733,
        "mae": 0.0987095907330513,
        "mape": 21959.872436523438,
        "mase": 0.49446335632990407,
        "mpe": -21927.74609375,
        "mse": 0.017939113080501556,
        "nrmse": 0.0547758746327073,
        "r2": 0.6623025149145065,
        "rmse": 0.13393697428455503
    },
    "output_0predicted_stats_0": {
        "10th percentile": 0.063,
        "25th percentile": 0.083,
        "50th percentile": 0.109,
        "75th percentile": 0.156,
        "90th percentile": 0.267,
        "Coefficient of Variation": 1.1779999732971191,
        "Counts": 300,
        "Geometric Mean": 0.12200000137090683,
        "Kurtosis": 36.962,
        "Max": 1.8860000371932983,
        "Mean": 0.1589999943971634,
        "Median": 0.10899999737739563,
        "Min": 0.04100000113248825,
        "Negative counts": 0,
        "Non Zeros": 300,
        "Shannon entropy": 5.704,
        "Skew": 5.353,
        "Standard error of mean": 0.011,
        "Std": 0.18700000643730164,
        "Sum": 47.64799880981445,
        "Variance": 0.03500000014901161
    },
    "output_0true_stats_0": {
        "10th percentile": 0.0,
        "25th percentile": 0.004,
        "50th percentile": 0.08,
        "75th percentile": 0.208,
        "90th percentile": 0.397,
        "Coefficient of Variation": 1.503000020980835,
        "Counts": 300,
        "Geometric Mean": 0.028999999165534973,
        "Kurtosis": 35.998,
        "Max": 2.444999933242798,
        "Mean": 0.15299999713897705,
        "Median": 0.07999999821186066,
        "Min": 0.0,
        "Negative counts": 0,
        "Non Zeros": 300,
        "Shannon entropy": 5.484,
        "Skew": 4.666,
        "Standard error of mean": 0.013,
        "Std": 0.23000000417232513,
        "Sum": 45.95500183105469,
        "Variance": 0.05299999937415123
    }
}