{
    "output_0_errors_0": {
        "corr_coeff": 0.8259259326428104,
        "mae": 0.08503663539886475,
        "mape": 13562.869262695312,
        "mase": 0.5106023559757136,
        "mpe": -13529.955078125,
        "mse": 0.011398529633879662,
        "nrmse": 0.05616263764241701,
        "r2": 0.6821537065590182,
        "rmse": 0.10676389667804216
    },
    "output_0predicted_stats_0": {
        "10th percentile": 0.063,
        "25th percentile": 0.081,
        "50th percentile": 0.11,
        "75th percentile": 0.147,
        "90th percentile": 0.213,
        "Coefficient of Variation": 1.0609999895095825,
        "Counts": 900,
        "Geometric Mean": 0.11699999868869781,
        "Kurtosis": 54.606,
        "Max": 1.9199999570846558,
        "Mean": 0.14399999380111694,
        "Median": 0.10999999940395355,
        "Min": 0.03700000047683716,
        "Negative counts": 0,
        "Non Zeros": 900,
        "Shannon entropy": 6.802,
        "Skew": 6.383,
        "Standard error of mean": 0.005,
        "Std": 0.15299999713897705,
        "Sum": 129.5780029296875,
        "Variance": 0.023000000044703484
    },
    "output_0true_stats_0": {
        "10th percentile": 0.0,
        "25th percentile": 0.008,
        "50th percentile": 0.089,
        "75th percentile": 0.199,
        "90th percentile": 0.342,
        "Coefficient of Variation": 1.3320000171661377,
        "Counts": 900,
        "Geometric Mean": 0.03099999949336052,
        "Kurtosis": 18.574,
        "Max": 1.9010000228881836,
        "Mean": 0.1420000046491623,
        "Median": 0.08900000154972076,
        "Min": 0.0,
        "Negative counts": 0,
        "Non Zeros": 900,
        "Shannon entropy": 6.505,
        "Skew": 3.35,
        "Standard error of mean": 0.006,
        "Std": 0.1889999955892563,
        "Sum": 127.90399932861328,
        "Variance": 0.035999998450279236
    }
}